{"eventLog": [{"Alta Hospitalar": "Depois das 12h", "Alta Médica": "", "Atendimento": 16079424, "Caso": "102900216079424", "Classificação Setor": "Enfermaria", "Controla Higienização": "", "Convênio": "SUS", "Código Paciente": 1029002, "Código Prontuário": 638932.0, "Data Entrada Paciente": "07/06/2022 10:08:20", "Data Fim Evento": "", "Data Início Evento": "09/06/2022 12:08:06", "Data de Integração": "08/07/2022 16:31:36", "Especialidade": "CIRURGIA PEDIÁTRICA", "Evento": "Alta Hospitalar", "Leito": 6.3e+16, "Médico Desfecho": "", "Médico Responsável": "RAFAEL TRINDADE DEYL", "Organização": "Irmandade da Santa Casa de Misericordia de Porto Alegre", "Probabilidade Alta": "", "Saída Antes das 9 Horas": "", "Setor": "HCSA-Centro Cirúrgico Internação (CC6319)", "Status Ativo": "Não", "Tempo Processo (Min)": "", "Tipo Atendimento": "Internado", "Tipo Evento": "Paciente", "Tipo Limpeza": ""}, {"Alta Hospitalar": "", "Alta Médica": "", "Atendimento": 16068759, "Caso": "1606875960E11", "Classificação Setor": "Enfermaria", "Controla Higienização": "Não", "Convênio": "SUS", "Código Paciente": 3276489, "Código Prontuário": "", "Data Entrada Paciente": "04/06/2022 23:21:22", "Data Fim Evento": "05/06/2022 05:02:54", "Data Início Evento": "04/06/2022 23:28:29", "Data de Integração": "08/07/2022 16:26:21", "Especialidade": "CIRURGIA PEDIÁTRICA", "Evento": "Leito em uso", "Leito": 630000000000000.0, "Médico Desfecho": "Caroline Suemi Nunes Pereira", "Médico Responsável": "RAFAEL BUENO MAZZUCA", "Organização": "Irmandade da Santa Casa de Misericordia de Porto Alegre", "Probabilidade Alta": "", "Saída Antes das 9 Horas": "", "Setor": "HCSA-Centro Cirúrgico Internação (CC6319)", "Status Ativo": "Não", "Tempo Processo (Min)": 334.0, "Tipo Atendimento": "Internado", "Tipo Evento": "Leitos", "Tipo Limpeza": ""}, {"Alta Hospitalar": "", "Alta Médica": "", "Atendimento": 16068759, "Caso": "1606875960E11", "Classificação Setor": "Enfermaria", "Controla Higienização": "Não", "Convênio": "SUS", "Código Paciente": 3276489, "Código Prontuário": "", "Data Entrada Paciente": "04/06/2022 23:21:22", "Data Fim Evento": "05/06/2022 05:43:08", "Data Início Evento": "05/06/2022 05:02:54", "Data de Integração": "08/07/2022 16:26:21", "Especialidade": "CIRURGIA PEDIÁTRICA", "Evento": "Livre", "Leito": 630000000000000.0, "Médico Desfecho": "Caroline Suemi Nunes Pereira", "Médico Responsável": "RAFAEL BUENO MAZZUCA", "Organização": "Irmandade da Santa Casa de Misericordia de Porto Alegre", "Probabilidade Alta": "", "Saída Antes das 9 Horas": "", "Setor": "HCSA-Centro Cirúrgico Internação (CC6319)", "Status Ativo": "Não", "Tempo Processo (Min)": 40.0, "Tipo Atendimento": "Internado", "Tipo Evento": "Leitos", "Tipo Limpeza": ""}, {"Alta Hospitalar": "", "Alta Médica": "", "Atendimento": 16068759, "Caso": "160687596518A", "Classificação Setor": "Enfermaria", "Controla Higienização": "Sim", "Convênio": "SUS", "Código Paciente": 3276489, "Código Prontuário": "", "Data Entrada Paciente": "04/06/2022 23:21:22", "Data Fim Evento": "06/06/2022 13:04:40", "Data Início Evento": "05/06/2022 21:40:39", "Data de Integração": "08/07/2022 16:26:21", "Especialidade": "CIRURGIA PEDIÁTRICA", "Evento": "Leito em uso", "Leito": 630000000000000.0, "Médico Desfecho": "Caroline Suemi Nunes Pereira", "Médico Responsável": "RAFAEL BUENO MAZZUCA", "Organização": "Irmandade da Santa Casa de Misericordia de Porto Alegre", "Probabilidade Alta": "", "Saída Antes das 9 Horas": "", "Setor": "HCSA-Centro Cirúrgico Internação (CC6319)", "Status Ativo": "Não", "Tempo Processo (Min)": 924.0, "Tipo Atendimento": "Internado", "Tipo Evento": "Leitos", "Tipo Limpeza": ""}, {"Alta Hospitalar": "", "Alta Médica": "", "Atendimento": 16068759, "Caso": "160687596518A", "Classificação Setor": "Enfermaria", "Controla Higienização": "Sim", "Convênio": "SUS", "Código Paciente": 3276489, "Código Prontuário": "", "Data Entrada Paciente": "04/06/2022 23:21:22", "Data Fim Evento": "06/06/2022 13:04:40", "Data Início Evento": "06/06/2022 13:04:40", "Data de Integração": "08/07/2022 16:26:21", "Especialidade": "CIRURGIA PEDIÁTRICA", "Evento": "Livre", "Leito": 630000000000000.0, "Médico Desfecho": "Caroline Suemi Nunes Pereira", "Médico Responsável": "RAFAEL BUENO MAZZUCA", "Organização": "Irmandade da Santa Casa de Misericordia de Porto Alegre", "Probabilidade Alta": "", "Saída Antes das 9 Horas": "", "Setor": "HCSA-Centro Cirúrgico Internação (CC6319)", "Status Ativo": "Não", "Tempo Processo (Min)": 0.0, "Tipo Atendimento": "Internado", "Tipo Evento": "Leitos", "Tipo Limpeza": ""}, {"Alta Hospitalar": "", "Alta Médica": "", "Atendimento": 16068759, "Caso": "160687596518A", "Classificação Setor": "Enfermaria", "Controla Higienização": "Sim", "Convênio": "SUS", "Código Paciente": 3276489, "Código Prontuário": "", "Data Entrada Paciente": "04/06/2022 23:21:22", "Data Fim Evento": "06/06/2022 13:05:29", "Data Início Evento": "06/06/2022 13:04:40", "Data de Integração": "08/07/2022 16:26:21", "Especialidade": "CIRURGIA PEDIÁTRICA", "Evento": "Aguardando higienização", "Leito": 630000000000000.0, "Médico Desfecho": "Caroline Suemi Nunes Pereira", "Médico Responsável": "RAFAEL BUENO MAZZUCA", "Organização": "Irmandade da Santa Casa de Misericordia de Porto Alegre", "Probabilidade Alta": "", "Saída Antes das 9 Horas": "", "Setor": "HCSA-Centro Cirúrgico Internação (CC6319)", "Status Ativo": "Não", "Tempo Processo (Min)": 1.0, "Tipo Atendimento": "Internado", "Tipo Evento": "Leitos", "Tipo Limpeza": ""}, {"Alta Hospitalar": "", "Alta Médica": "", "Atendimento": 16068759, "Caso": "160687596518A", "Classificação Setor": "Enfermaria", "Controla Higienização": "Sim", "Convênio": "SUS", "Código Paciente": 3276489, "Código Prontuário": "", "Data Entrada Paciente": "04/06/2022 23:21:22", "Data Fim Evento": "06/06/2022 13:05:46", "Data Início Evento": "06/06/2022 13:05:29", "Data de Integração": "08/07/2022 16:26:21", "Especialidade": "CIRURGIA PEDIÁTRICA", "Evento": "Em higienização", "Leito": 630000000000000.0, "Médico Desfecho": "Caroline Suemi Nunes Pereira", "Médico Responsável": "RAFAEL BUENO MAZZUCA", "Organização": "Irmandade da Santa Casa de Misericordia de Porto Alegre", "Probabilidade Alta": "", "Saída Antes das 9 Horas": "", "Setor": "HCSA-Centro Cirúrgico Internação (CC6319)", "Status Ativo": "Não", "Tempo Processo (Min)": 0.0, "Tipo Atendimento": "Internado", "Tipo Evento": "Leitos", "Tipo Limpeza": ""}, {"Alta Hospitalar": "", "Alta Médica": "", "Atendimento": 16068759, "Caso": "160687596518A", "Classificação Setor": "Enfermaria", "Controla Higienização": "Sim", "Convênio": "SUS", "Código Paciente": 3276489, "Código Prontuário": "", "Data Entrada Paciente": "04/06/2022 23:21:22", "Data Fim Evento": "06/06/2022 13:06:00", "Data Início Evento": "06/06/2022 13:05:46", "Data de Integração": "08/07/2022 16:26:21", "Especialidade": "CIRURGIA PEDIÁTRICA", "Evento": "Livre", "Leito": 630000000000000.0, "Médico Desfecho": "Caroline Suemi Nunes Pereira", "Médico Responsável": "RAFAEL BUENO MAZZUCA", "Organização": "Irmandade da Santa Casa de Misericordia de Porto Alegre", "Probabilidade Alta": "", "Saída Antes das 9 Horas": "", "Setor": "HCSA-Centro Cirúrgico Internação (CC6319)", "Status Ativo": "Não", "Tempo Processo (Min)": 0.0, "Tipo Atendimento": "Internado", "Tipo Evento": "Leitos", "Tipo Limpeza": ""}, {"Alta Hospitalar": "", "Alta Médica": "", "Atendimento": 16068759, "Caso": "160687596608A", "Classificação Setor": "Enfermaria", "Controla Higienização": "Sim", "Convênio": "SUS", "Código Paciente": 3276489, "Código Prontuário": "", "Data Entrada Paciente": "04/06/2022 23:21:22", "Data Fim Evento": "06/06/2022 13:07:27", "Data Início Evento": "06/06/2022 13:04:38", "Data de Integração": "08/07/2022 16:26:21", "Especialidade": "CIRURGIA PEDIÁTRICA", "Evento": "Leito em uso", "Leito": 630000000000000.0, "Médico Desfecho": "Caroline Suemi Nunes Pereira", "Médico Responsável": "RAFAEL BUENO MAZZUCA", "Organização": "Irmandade da Santa Casa de Misericordia de Porto Alegre", "Probabilidade Alta": "", "Saída Antes das 9 Horas": "", "Setor": "HCSA-Centro Cirúrgico Internação (CC6319)", "Status Ativo": "Não", "Tempo Processo (Min)": 3.0, "Tipo Atendimento": "Internado", "Tipo Evento": "Leitos", "Tipo Limpeza": ""}, {"Alta Hospitalar": "", "Alta Médica": "", "Atendimento": 16068759, "Caso": "160687596608A", "Classificação Setor": "Enfermaria", "Controla Higienização": "Sim", "Convênio": "SUS", "Código Paciente": 3276489, "Código Prontuário": "", "Data Entrada Paciente": "04/06/2022 23:21:22", "Data Fim Evento": "06/06/2022 13:07:27", "Data Início Evento": "06/06/2022 13:07:27", "Data de Integração": "08/07/2022 16:26:21", "Especialidade": "CIRURGIA PEDIÁTRICA", "Evento": "Livre", "Leito": 630000000000000.0, "Médico Desfecho": "Caroline Suemi Nunes Pereira", "Médico Responsável": "RAFAEL BUENO MAZZUCA", "Organização": "Irmandade da Santa Casa de Misericordia de Porto Alegre", "Probabilidade Alta": "", "Saída Antes das 9 Horas": "", "Setor": "HCSA-Centro Cirúrgico Internação (CC6319)", "Status Ativo": "Não", "Tempo Processo (Min)": 0.0, "Tipo Atendimento": "Internado", "Tipo Evento": "Leitos", "Tipo Limpeza": ""}, {"Alta Hospitalar": "", "Alta Médica": "", "Atendimento": 16068759, "Caso": "160687596608A", "Classificação Setor": "Enfermaria", "Controla Higienização": "Sim", "Convênio": "SUS", "Código Paciente": 3276489, "Código Prontuário": "", "Data Entrada Paciente": "04/06/2022 23:21:22", "Data Fim Evento": "06/06/2022 13:07:38", "Data Início Evento": "06/06/2022 13:07:27", "Data de Integração": "08/07/2022 16:26:21", "Especialidade": "CIRURGIA PEDIÁTRICA", "Evento": "Aguardando higienização", "Leito": 630000000000000.0, "Médico Desfecho": "Caroline Suemi Nunes Pereira", "Médico Responsável": "RAFAEL BUENO MAZZUCA", "Organização": "Irmandade da Santa Casa de Misericordia de Porto Alegre", "Probabilidade Alta": "", "Saída Antes das 9 Horas": "", "Setor": "HCSA-Centro Cirúrgico Internação (CC6319)", "Status Ativo": "Não", "Tempo Processo (Min)": 0.0, "Tipo Atendimento": "Internado", "Tipo Evento": "Leitos", "Tipo Limpeza": ""}, {"Alta Hospitalar": "", "Alta Médica": "", "Atendimento": 16068759, "Caso": "160687596608A", "Classificação Setor": "Enfermaria", "Controla Higienização": "Sim", "Convênio": "SUS", "Código Paciente": 3276489, "Código Prontuário": "", "Data Entrada Paciente": "04/06/2022 23:21:22", "Data Fim Evento": "06/06/2022 13:07:48", "Data Início Evento": "06/06/2022 13:07:38", "Data de Integração": "08/07/2022 16:26:21", "Especialidade": "CIRURGIA PEDIÁTRICA", "Evento": "Em higienização", "Leito": 630000000000000.0, "Médico Desfecho": "Caroline Suemi Nunes Pereira", "Médico Responsável": "RAFAEL BUENO MAZZUCA", "Organização": "Irmandade da Santa Casa de Misericordia de Porto Alegre", "Probabilidade Alta": "", "Saída Antes das 9 Horas": "", "Setor": "HCSA-Centro Cirúrgico Internação (CC6319)", "Status Ativo": "Não", "Tempo Processo (Min)": 0.0, "Tipo Atendimento": "Internado", "Tipo Evento": "Leitos", "Tipo Limpeza": ""}, {"Alta Hospitalar": "", "Alta Médica": "", "Atendimento": 16068759, "Caso": "160687596608A", "Classificação Setor": "Enfermaria", "Controla Higienização": "Sim", "Convênio": "SUS", "Código Paciente": 3276489, "Código Prontuário": "", "Data Entrada Paciente": "04/06/2022 23:21:22", "Data Fim Evento": "08/06/2022 16:31:43", "Data Início Evento": "06/06/2022 13:07:48", "Data de Integração": "08/07/2022 16:26:21", "Especialidade": "CIRURGIA PEDIÁTRICA", "Evento": "Livre", "Leito": 630000000000000.0, "Médico Desfecho": "Caroline Suemi Nunes Pereira", "Médico Responsável": "RAFAEL BUENO MAZZUCA", "Organização": "Irmandade da Santa Casa de Misericordia de Porto Alegre", "Probabilidade Alta": "", "Saída Antes das 9 Horas": "", "Setor": "HCSA-Centro Cirúrgico Internação (CC6319)", "Status Ativo": "Não", "Tempo Processo (Min)": 3084.0, "Tipo Atendimento": "Internado", "Tipo Evento": "Leitos", "Tipo Limpeza": ""}, {"Alta Hospitalar": "", "Alta Médica": "", "Atendimento": 16079424, "Caso": "1607942463E15", "Classificação Setor": "Enfermaria", "Controla Higienização": "Não", "Convênio": "SUS", "Código Paciente": 1029002, "Código Prontuário": "", "Data Entrada Paciente": "07/06/2022 10:08:20", "Data Fim Evento": "09/06/2022 12:08:06", "Data Início Evento": "07/06/2022 10:11:41", "Data de Integração": "08/07/2022 16:31:36", "Especialidade": "CIRURGIA PEDIÁTRICA", "Evento": "Leito em uso", "Leito": 6.3e+16, "Médico Desfecho": "", "Médico Responsável": "RAFAEL TRINDADE DEYL", "Organização": "Irmandade da Santa Casa de Misericordia de Porto Alegre", "Probabilidade Alta": "", "Saída Antes das 9 Horas": "Não", "Setor": "HCSA-Centro Cirúrgico Internação (CC6319)", "Status Ativo": "Não", "Tempo Processo (Min)": 2996.0, "Tipo Atendimento": "Internado", "Tipo Evento": "Leitos", "Tipo Limpeza": ""}, {"Alta Hospitalar": "", "Alta Médica": "", "Atendimento": 16079424, "Caso": "1607942463E15", "Classificação Setor": "Enfermaria", "Controla Higienização": "Não", "Convênio": "SUS", "Código Paciente": 1029002, "Código Prontuário": "", "Data Entrada Paciente": "07/06/2022 10:08:20", "Data Fim Evento": "09/06/2022 12:11:14", "Data Início Evento": "09/06/2022 12:08:06", "Data de Integração": "08/07/2022 16:31:36", "Especialidade": "CIRURGIA PEDIÁTRICA", "Evento": "Livre", "Leito": 6.3e+16, "Médico Desfecho": "", "Médico Responsável": "RAFAEL TRINDADE DEYL", "Organização": "Irmandade da Santa Casa de Misericordia de Porto Alegre", "Probabilidade Alta": "", "Saída Antes das 9 Horas": "Não", "Setor": "HCSA-Centro Cirúrgico Internação (CC6319)", "Status Ativo": "Não", "Tempo Processo (Min)": 3.0, "Tipo Atendimento": "Internado", "Tipo Evento": "Leitos", "Tipo Limpeza": ""}, {"Alta Hospitalar": "", "Alta Médica": "", "Atendimento": 16119688, "Caso": "1611968863E11", "Classificação Setor": "Enfermaria", "Controla Higienização": "Não", "Convênio": "PACOTE SOCIAL", "Código Paciente": 2246483, "Código Prontuário": "", "Data Entrada Paciente": "15/06/2022 06:25:12", "Data Fim Evento": "28/06/2022 17:33:50", "Data Início Evento": "28/06/2022 15:53:29", "Data de Integração": "08/07/2022 16:36:36", "Especialidade": "OTORRINOLARINGOLOGIA", "Evento": "Livre", "Leito": 6300000000000.0, "Médico Desfecho": "", "Médico Responsável": "JOSE FAIBES LUBIANCA NETO", "Organização": "Irmandade da Santa Casa de Misericordia de Porto Alegre", "Probabilidade Alta": "", "Saída Antes das 9 Horas": "Sim", "Setor": "HCSA-Centro Cirúrgico Internação (CC6319)", "Status Ativo": "Não", "Tempo Processo (Min)": 100.0, "Tipo Atendimento": "Internado", "Tipo Evento": "Leitos", "Tipo Limpeza": ""}, {"Alta Hospitalar": "", "Alta Médica": "", "Atendimento": 16119688, "Caso": "1611968863E11", "Classificação Setor": "Enfermaria", "Controla Higienização": "Não", "Convênio": "PACOTE SOCIAL", "Código Paciente": 2246483, "Código Prontuário": "", "Data Entrada Paciente": "15/06/2022 06:25:12", "Data Fim Evento": "28/06/2022 15:53:29", "Data Início Evento": "15/06/2022 06:26:53", "Data de Integração": "08/07/2022 16:36:36", "Especialidade": "OTORRINOLARINGOLOGIA", "Evento": "Leito em uso", "Leito": 6300000000000.0, "Médico Desfecho": "", "Médico Responsável": "JOSE FAIBES LUBIANCA NETO", "Organização": "Irmandade da Santa Casa de Misericordia de Porto Alegre", "Probabilidade Alta": "", "Saída Antes das 9 Horas": "Sim", "Setor": "HCSA-Centro Cirúrgico Internação (CC6319)", "Status Ativo": "Não", "Tempo Processo (Min)": 19287.0, "Tipo Atendimento": "Internado", "Tipo Evento": "Leitos", "Tipo Limpeza": ""}, {"Alta Hospitalar": "", "Alta Médica": "", "Atendimento": 16140217, "Caso": "1614021763E19", "Classificação Setor": "Enfermaria", "Controla Higienização": "Não", "Convênio": "UNIMED PORTO ALEGRE", "Código Paciente": 3042891, "Código Prontuário": "", "Data Entrada Paciente": "20/06/2022 14:34:16", "Data Fim Evento": "22/06/2022 11:00:49", "Data Início Evento": "22/06/2022 08:46:29", "Data de Integração": "08/07/2022 16:36:36", "Especialidade": "CIRURGIA PLÁSTICA", "Evento": "Livre", "Leito": 6.3e+20, "Médico Desfecho": "", "Médico Responsável": "MARCUS VINICIUS MARTINS COLLARES", "Organização": "Irmandade da Santa Casa de Misericordia de Porto Alegre", "Probabilidade Alta": "", "Saída Antes das 9 Horas": "Não", "Setor": "HCSA-Centro Cirúrgico Internação (CC6319)", "Status Ativo": "Não", "Tempo Processo (Min)": 134.0, "Tipo Atendimento": "Internado", "Tipo Evento": "Leitos", "Tipo Limpeza": ""}, {"Alta Hospitalar": "", "Alta Médica": "", "Atendimento": 16140217, "Caso": "1614021763E19", "Classificação Setor": "Enfermaria", "Controla Higienização": "Não", "Convênio": "UNIMED PORTO ALEGRE", "Código Paciente": 3042891, "Código Prontuário": "", "Data Entrada Paciente": "20/06/2022 14:34:16", "Data Fim Evento": "22/06/2022 08:46:29", "Data Início Evento": "20/06/2022 14:37:20", "Data de Integração": "08/07/2022 16:36:36", "Especialidade": "CIRURGIA PLÁSTICA", "Evento": "Leito em uso", "Leito": 6.3e+20, "Médico Desfecho": "", "Médico Responsável": "MARCUS VINICIUS MARTINS COLLARES", "Organização": "Irmandade da Santa Casa de Misericordia de Porto Alegre", "Probabilidade Alta": "", "Saída Antes das 9 Horas": "Não", "Setor": "HCSA-Centro Cirúrgico Internação (CC6319)", "Status Ativo": "Não", "Tempo Processo (Min)": 2529.0, "Tipo Atendimento": "Internado", "Tipo Evento": "Leitos", "Tipo Limpeza": ""}, {"Alta Hospitalar": "", "Alta Médica": "", "Atendimento": 16141462, "Caso": "1614146260E11", "Classificação Setor": "Enfermaria", "Controla Higienização": "Não", "Convênio": "SUS", "Código Paciente": 3286461, "Código Prontuário": "", "Data Entrada Paciente": "20/06/2022 17:17:10", "Data Fim Evento": "21/06/2022 03:04:40", "Data Início Evento": "20/06/2022 17:41:13", "Data de Integração": "08/07/2022 16:41:18", "Especialidade": "PEDIATRIA", "Evento": "Leito em uso", "Leito": 6.3e+28, "Médico Desfecho": "JOHANNA CAROLINA PICON PEREZ", "Médico Responsável": "JOSEMAR MARCHEZAN", "Organização": "Irmandade da Santa Casa de Misericordia de Porto Alegre", "Probabilidade Alta": "", "Saída Antes das 9 Horas": "Sim", "Setor": "HCSA-Centro Cirúrgico Internação (CC6319)", "Status Ativo": "Não", "Tempo Processo (Min)": 563.0, "Tipo Atendimento": "Internado", "Tipo Evento": "Leitos", "Tipo Limpeza": ""}, {"Alta Hospitalar": "", "Alta Médica": "", "Atendimento": 16141462, "Caso": "1614146260E11", "Classificação Setor": "Enfermaria", "Controla Higienização": "Não", "Convênio": "SUS", "Código Paciente": 3286461, "Código Prontuário": "", "Data Entrada Paciente": "20/06/2022 17:17:10", "Data Fim Evento": "21/06/2022 03:05:43", "Data Início Evento": "21/06/2022 03:04:40", "Data de Integração": "08/07/2022 16:41:18", "Especialidade": "PEDIATRIA", "Evento": "Livre", "Leito": 6.3e+28, "Médico Desfecho": "JOHANNA CAROLINA PICON PEREZ", "Médico Responsável": "JOSEMAR MARCHEZAN", "Organização": "Irmandade da Santa Casa de Misericordia de Porto Alegre", "Probabilidade Alta": "", "Saída Antes das 9 Horas": "Sim", "Setor": "HCSA-Centro Cirúrgico Internação (CC6319)", "Status Ativo": "Não", "Tempo Processo (Min)": 1.0, "Tipo Atendimento": "Internado", "Tipo Evento": "Leitos", "Tipo Limpeza": ""}, {"Alta Hospitalar": "", "Alta Médica": "", "Atendimento": 16141462, "Caso": "1614146260E21", "Classificação Setor": "Enfermaria", "Controla Higienização": "Não", "Convênio": "SUS", "Código Paciente": 3286461, "Código Prontuário": "", "Data Entrada Paciente": "20/06/2022 17:17:10", "Data Fim Evento": "21/06/2022 21:59:51", "Data Início Evento": "21/06/2022 12:08:18", "Data de Integração": "08/07/2022 16:41:18", "Especialidade": "PEDIATRIA", "Evento": "Livre", "Leito": 6.3e+28, "Médico Desfecho": "JOHANNA CAROLINA PICON PEREZ", "Médico Responsável": "JOSEMAR MARCHEZAN", "Organização": "Irmandade da Santa Casa de Misericordia de Porto Alegre", "Probabilidade Alta": "", "Saída Antes das 9 Horas": "Sim", "Setor": "HCSA-Centro Cirúrgico Internação (CC6319)", "Status Ativo": "Não", "Tempo Processo (Min)": 592.0, "Tipo Atendimento": "Internado", "Tipo Evento": "Leitos", "Tipo Limpeza": ""}, {"Alta Hospitalar": "", "Alta Médica": "", "Atendimento": 16141462, "Caso": "1614146260E21", "Classificação Setor": "Enfermaria", "Controla Higienização": "Não", "Convênio": "SUS", "Código Paciente": 3286461, "Código Prontuário": "", "Data Entrada Paciente": "20/06/2022 17:17:10", "Data Fim Evento": "21/06/2022 12:08:18", "Data Início Evento": "21/06/2022 03:04:40", "Data de Integração": "08/07/2022 16:41:18", "Especialidade": "PEDIATRIA", "Evento": "Leito em uso", "Leito": 6.3e+28, "Médico Desfecho": "JOHANNA CAROLINA PICON PEREZ", "Médico Responsável": "JOSEMAR MARCHEZAN", "Organização": "Irmandade da Santa Casa de Misericordia de Porto Alegre", "Probabilidade Alta": "", "Saída Antes das 9 Horas": "Sim", "Setor": "HCSA-Centro Cirúrgico Internação (CC6319)", "Status Ativo": "Não", "Tempo Processo (Min)": 544.0, "Tipo Atendimento": "Internado", "Tipo Evento": "Leitos", "Tipo Limpeza": ""}, {"Alta Hospitalar": "", "Alta Médica": "", "Atendimento": 16149138, "Caso": "1614913863E18", "Classificação Setor": "Enfermaria", "Controla Higienização": "Não", "Convênio": "SUS", "Código Paciente": 2605831, "Código Prontuário": "", "Data Entrada Paciente": "22/06/2022 07:38:51", "Data Fim Evento": "08/07/2022 13:04:11", "Data Início Evento": "22/06/2022 07:41:24", "Data de Integração": "08/07/2022 16:41:18", "Especialidade": "OTORRINOLARINGOLOGIA", "Evento": "Leito em uso", "Leito": 6.3e+19, "Médico Desfecho": "", "Médico Responsável": "JOSE FAIBES LUBIANCA NETO", "Organização": "Irmandade da Santa Casa de Misericordia de Porto Alegre", "Probabilidade Alta": "", "Saída Antes das 9 Horas": "", "Setor": "HCSA-Centro Cirúrgico Internação (CC6319)", "Status Ativo": "Sim", "Tempo Processo (Min)": 23363.0, "Tipo Atendimento": "Internado", "Tipo Evento": "Leitos", "Tipo Limpeza": ""}, {"Alta Hospitalar": "", "Alta Médica": "", "Atendimento": 16158250, "Caso": "1615825063E24", "Classificação Setor": "Enfermaria", "Controla Higienização": "Não", "Convênio": "SUS", "Código Paciente": 3263505, "Código Prontuário": "", "Data Entrada Paciente": "23/06/2022 11:00:13", "Data Fim Evento": "30/06/2022 08:48:12", "Data Início Evento": "23/06/2022 11:02:49", "Data de Integração": "08/07/2022 16:41:18", "Especialidade": "CIRURGIA PLÁSTICA", "Evento": "Leito em uso", "Leito": 6.3e+25, "Médico Desfecho": "", "Médico Responsável": "ALICE FISCHER", "Organização": "Irmandade da Santa Casa de Misericordia de Porto Alegre", "Probabilidade Alta": "", "Saída Antes das 9 Horas": "Sim", "Setor": "HCSA-Centro Cirúrgico Internação (CC6319)", "Status Ativo": "Não", "Tempo Processo (Min)": 9945.0, "Tipo Atendimento": "Internado", "Tipo Evento": "Leitos", "Tipo Limpeza": ""}, {"Alta Hospitalar": "", "Alta Médica": "", "Atendimento": 16158250, "Caso": "1615825063E24", "Classificação Setor": "Enfermaria", "Controla Higienização": "Não", "Convênio": "SUS", "Código Paciente": 3263505, "Código Prontuário": "", "Data Entrada Paciente": "23/06/2022 11:00:13", "Data Fim Evento": "05/07/2022 11:56:50", "Data Início Evento": "30/06/2022 08:48:12", "Data de Integração": "08/07/2022 16:41:18", "Especialidade": "CIRURGIA PLÁSTICA", "Evento": "Livre", "Leito": 6.3e+25, "Médico Desfecho": "", "Médico Responsável": "ALICE FISCHER", "Organização": "Irmandade da Santa Casa de Misericordia de Porto Alegre", "Probabilidade Alta": "", "Saída Antes das 9 Horas": "Sim", "Setor": "HCSA-Centro Cirúrgico Internação (CC6319)", "Status Ativo": "Não", "Tempo Processo (Min)": 7389.0, "Tipo Atendimento": "Internado", "Tipo Evento": "Leitos", "Tipo Limpeza": ""}, {"Alta Hospitalar": "", "Alta Médica": "", "Atendimento": 16186594, "Caso": "1618659463E17", "Classificação Setor": "Enfermaria", "Controla Higienização": "Não", "Convênio": "SUS", "Código Paciente": 2881958, "Código Prontuário": "", "Data Entrada Paciente": "29/06/2022 11:46:41", "Data Fim Evento": "29/06/2022 14:43:27", "Data Início Evento": "29/06/2022 11:50:18", "Data de Integração": "08/07/2022 16:46:16", "Especialidade": "CIRURGIA PEDIÁTRICA", "Evento": "Leito em uso", "Leito": 6.3e+18, "Médico Desfecho": "", "Médico Responsável": "NICOLE KNORR BRENNER", "Organização": "Irmandade da Santa Casa de Misericordia de Porto Alegre", "Probabilidade Alta": "", "Saída Antes das 9 Horas": "Não", "Setor": "HCSA-Centro Cirúrgico Internação (CC6319)", "Status Ativo": "Não", "Tempo Processo (Min)": 173.0, "Tipo Atendimento": "Internado", "Tipo Evento": "Leitos", "Tipo Limpeza": ""}, {"Alta Hospitalar": "", "Alta Médica": "", "Atendimento": 16186594, "Caso": "1618659463E17", "Classificação Setor": "Enfermaria", "Controla Higienização": "Não", "Convênio": "SUS", "Código Paciente": 2881958, "Código Prontuário": "", "Data Entrada Paciente": "29/06/2022 11:46:41", "Data Fim Evento": "29/06/2022 15:09:27", "Data Início Evento": "29/06/2022 14:43:27", "Data de Integração": "08/07/2022 16:46:16", "Especialidade": "CIRURGIA PEDIÁTRICA", "Evento": "Livre", "Leito": 6.3e+18, "Médico Desfecho": "", "Médico Responsável": "NICOLE KNORR BRENNER", "Organização": "Irmandade da Santa Casa de Misericordia de Porto Alegre", "Probabilidade Alta": "", "Saída Antes das 9 Horas": "Não", "Setor": "HCSA-Centro Cirúrgico Internação (CC6319)", "Status Ativo": "Não", "Tempo Processo (Min)": 26.0, "Tipo Atendimento": "Internado", "Tipo Evento": "Leitos", "Tipo Limpeza": ""}, {"Alta Hospitalar": "", "Alta Médica": "", "Atendimento": 16199828, "Caso": "1619982863E12", "Classificação Setor": "Enfermaria", "Controla Higienização": "Não", "Convênio": "SUS", "Código Paciente": 590805, "Código Prontuário": "", "Data Entrada Paciente": "01/07/2022 12:45:40", "Data Fim Evento": "08/07/2022 13:04:36", "Data Início Evento": "01/07/2022 12:48:14", "Data de Integração": "08/07/2022 16:46:16", "Especialidade": "CIRURGIA TORÁCICA", "Evento": "Leito em uso", "Leito": 63000000000000.0, "Médico Desfecho": "JULIO DE OLIVEIRA ESPINEL", "Médico Responsável": "JULIO DE OLIVEIRA ESPINEL", "Organização": "Irmandade da Santa Casa de Misericordia de Porto Alegre", "Probabilidade Alta": "", "Saída Antes das 9 Horas": "", "Setor": "HCSA-Centro Cirúrgico Internação (CC6319)", "Status Ativo": "Sim", "Tempo Processo (Min)": 10096.0, "Tipo Atendimento": "Internado", "Tipo Evento": "Leitos", "Tipo Limpeza": ""}, {"Alta Hospitalar": "", "Alta Médica": "", "Atendimento": 16218268, "Caso": "1621826863E11", "Classificação Setor": "Enfermaria", "Controla Higienização": "Não", "Convênio": "UNIMED PORTO ALEGRE", "Código Paciente": 2607604, "Código Prontuário": "", "Data Entrada Paciente": "06/07/2022 07:08:54", "Data Fim Evento": "08/07/2022 13:04:57", "Data Início Evento": "06/07/2022 07:10:12", "Data de Integração": "08/07/2022 16:51:15", "Especialidade": "OTORRINOLARINGOLOGIA", "Evento": "Leito em uso", "Leito": 6300000000000.0, "Médico Desfecho": "", "Médico Responsável": "RENATA LOSS DRUMMOND", "Organização": "Irmandade da Santa Casa de Misericordia de Porto Alegre", "Probabilidade Alta": "", "Saída Antes das 9 Horas": "", "Setor": "HCSA-Centro Cirúrgico Internação (CC6319)", "Status Ativo": "Sim", "Tempo Processo (Min)": 3235.0, "Tipo Atendimento": "Internado", "Tipo Evento": "Leitos", "Tipo Limpeza": ""}, {"Alta Hospitalar": "", "Alta Médica": "", "Atendimento": 16222700, "Caso": "1622270060E1", "Classificação Setor": "Enfermaria", "Controla Higienização": "Não", "Convênio": "SUS", "Código Paciente": 3231243, "Código Prontuário": "", "Data Entrada Paciente": "06/07/2022 13:38:26", "Data Fim Evento": "08/07/2022 13:04:57", "Data Início Evento": "06/07/2022 15:55:16", "Data de Integração": "08/07/2022 16:51:15", "Especialidade": "NEUROLOGIA", "Evento": "Livre", "Leito": 6.3e+20, "Médico Desfecho": "", "Médico Responsável": "FERNANDA SILVEIRA DE QUADROS", "Organização": "Irmandade da Santa Casa de Misericordia de Porto Alegre", "Probabilidade Alta": "", "Saída Antes das 9 Horas": "", "Setor": "HCSA-Centro Cirúrgico Internação (CC6319)", "Status Ativo": "Sim", "Tempo Processo (Min)": 2710.0, "Tipo Atendimento": "Internado", "Tipo Evento": "Leitos", "Tipo Limpeza": ""}, {"Alta Hospitalar": "", "Alta Médica": "", "Atendimento": 16222700, "Caso": "1622270060E1", "Classificação Setor": "Enfermaria", "Controla Higienização": "Não", "Convênio": "SUS", "Código Paciente": 3231243, "Código Prontuário": "", "Data Entrada Paciente": "06/07/2022 13:38:26", "Data Fim Evento": "06/07/2022 15:55:16", "Data Início Evento": "06/07/2022 13:43:48", "Data de Integração": "08/07/2022 16:51:15", "Especialidade": "NEUROLOGIA", "Evento": "Leito em uso", "Leito": 6.3e+20, "Médico Desfecho": "", "Médico Responsável": "FERNANDA SILVEIRA DE QUADROS", "Organização": "Irmandade da Santa Casa de Misericordia de Porto Alegre", "Probabilidade Alta": "", "Saída Antes das 9 Horas": "", "Setor": "HCSA-Centro Cirúrgico Internação (CC6319)", "Status Ativo": "Não", "Tempo Processo (Min)": 131.0, "Tipo Atendimento": "Internado", "Tipo Evento": "Leitos", "Tipo Limpeza": ""}, {"Alta Hospitalar": "", "Alta Médica": "", "Atendimento": 16222700, "Caso": "1622270060E17", "Classificação Setor": "Enfermaria", "Controla Higienização": "Não", "Convênio": "SUS", "Código Paciente": 3231243, "Código Prontuário": "", "Data Entrada Paciente": "06/07/2022 13:38:26", "Data Fim Evento": "07/07/2022 04:48:44", "Data Início Evento": "07/07/2022 04:42:47", "Data de Integração": "08/07/2022 16:51:15", "Especialidade": "NEUROLOGIA", "Evento": "Leito em uso", "Leito": 6.3e+20, "Médico Desfecho": "", "Médico Responsável": "FERNANDA SILVEIRA DE QUADROS", "Organização": "Irmandade da Santa Casa de Misericordia de Porto Alegre", "Probabilidade Alta": "", "Saída Antes das 9 Horas": "", "Setor": "HCSA-Centro Cirúrgico Internação (CC6319)", "Status Ativo": "Não", "Tempo Processo (Min)": 6.0, "Tipo Atendimento": "Internado", "Tipo Evento": "Leitos", "Tipo Limpeza": ""}, {"Alta Hospitalar": "", "Alta Médica": "", "Atendimento": 16222700, "Caso": "1622270060E17", "Classificação Setor": "Enfermaria", "Controla Higienização": "Não", "Convênio": "SUS", "Código Paciente": 3231243, "Código Prontuário": "", "Data Entrada Paciente": "06/07/2022 13:38:26", "Data Fim Evento": "07/07/2022 05:17:05", "Data Início Evento": "07/07/2022 04:48:44", "Data de Integração": "08/07/2022 16:51:15", "Especialidade": "NEUROLOGIA", "Evento": "Livre", "Leito": 6.3e+20, "Médico Desfecho": "", "Médico Responsável": "FERNANDA SILVEIRA DE QUADROS", "Organização": "Irmandade da Santa Casa de Misericordia de Porto Alegre", "Probabilidade Alta": "", "Saída Antes das 9 Horas": "", "Setor": "HCSA-Centro Cirúrgico Internação (CC6319)", "Status Ativo": "Não", "Tempo Processo (Min)": 28.0, "Tipo Atendimento": "Internado", "Tipo Evento": "Leitos", "Tipo Limpeza": ""}, {"Alta Hospitalar": "", "Alta Médica": "", "Atendimento": 16222700, "Caso": "1622270060E21", "Classificação Setor": "Enfermaria", "Controla Higienização": "Não", "Convênio": "SUS", "Código Paciente": 3231243, "Código Prontuário": "", "Data Entrada Paciente": "06/07/2022 13:38:26", "Data Fim Evento": "07/07/2022 04:42:48", "Data Início Evento": "06/07/2022 15:55:14", "Data de Integração": "08/07/2022 16:51:15", "Especialidade": "NEUROLOGIA", "Evento": "Leito em uso", "Leito": 6.3e+20, "Médico Desfecho": "", "Médico Responsável": "FERNANDA SILVEIRA DE QUADROS", "Organização": "Irmandade da Santa Casa de Misericordia de Porto Alegre", "Probabilidade Alta": "", "Saída Antes das 9 Horas": "", "Setor": "HCSA-Centro Cirúrgico Internação (CC6319)", "Status Ativo": "Não", "Tempo Processo (Min)": 768.0, "Tipo Atendimento": "Internado", "Tipo Evento": "Leitos", "Tipo Limpeza": ""}, {"Alta Hospitalar": "", "Alta Médica": "", "Atendimento": 16222700, "Caso": "1622270060E21", "Classificação Setor": "Enfermaria", "Controla Higienização": "Não", "Convênio": "SUS", "Código Paciente": 3231243, "Código Prontuário": "", "Data Entrada Paciente": "06/07/2022 13:38:26", "Data Fim Evento": "08/07/2022 13:04:57", "Data Início Evento": "07/07/2022 04:42:48", "Data de Integração": "08/07/2022 16:51:15", "Especialidade": "NEUROLOGIA", "Evento": "Livre", "Leito": 6.3e+20, "Médico Desfecho": "", "Médico Responsável": "FERNANDA SILVEIRA DE QUADROS", "Organização": "Irmandade da Santa Casa de Misericordia de Porto Alegre", "Probabilidade Alta": "", "Saída Antes das 9 Horas": "", "Setor": "HCSA-Centro Cirúrgico Internação (CC6319)", "Status Ativo": "Sim", "Tempo Processo (Min)": 1942.0, "Tipo Atendimento": "Internado", "Tipo Evento": "Leitos", "Tipo Limpeza": ""}, {"Alta Hospitalar": "", "Alta Médica": "", "Atendimento": 16222700, "Caso": "1622270060E24", "Classificação Setor": "Enfermaria", "Controla Higienização": "Não", "Convênio": "SUS", "Código Paciente": 3231243, "Código Prontuário": "", "Data Entrada Paciente": "06/07/2022 13:38:26", "Data Fim Evento": "08/07/2022 13:04:57", "Data Início Evento": "08/07/2022 11:30:34", "Data de Integração": "08/07/2022 16:51:15", "Especialidade": "NEUROLOGIA", "Evento": "Livre", "Leito": 6.3e+20, "Médico Desfecho": "", "Médico Responsável": "FERNANDA SILVEIRA DE QUADROS", "Organização": "Irmandade da Santa Casa de Misericordia de Porto Alegre", "Probabilidade Alta": "", "Saída Antes das 9 Horas": "", "Setor": "HCSA-Centro Cirúrgico Internação (CC6319)", "Status Ativo": "Sim", "Tempo Processo (Min)": 94.0, "Tipo Atendimento": "Internado", "Tipo Evento": "Leitos", "Tipo Limpeza": ""}, {"Alta Hospitalar": "", "Alta Médica": "", "Atendimento": 16222700, "Caso": "1622270060E24", "Classificação Setor": "Enfermaria", "Controla Higienização": "Não", "Convênio": "SUS", "Código Paciente": 3231243, "Código Prontuário": "", "Data Entrada Paciente": "06/07/2022 13:38:26", "Data Fim Evento": "08/07/2022 11:30:34", "Data Início Evento": "07/07/2022 04:48:43", "Data de Integração": "08/07/2022 16:51:15", "Especialidade": "NEUROLOGIA", "Evento": "Leito em uso", "Leito": 6.3e+20, "Médico Desfecho": "", "Médico Responsável": "FERNANDA SILVEIRA DE QUADROS", "Organização": "Irmandade da Santa Casa de Misericordia de Porto Alegre", "Probabilidade Alta": "", "Saída Antes das 9 Horas": "", "Setor": "HCSA-Centro Cirúrgico Internação (CC6319)", "Status Ativo": "Não", "Tempo Processo (Min)": 1842.0, "Tipo Atendimento": "Internado", "Tipo Evento": "Leitos", "Tipo Limpeza": ""}, {"Alta Hospitalar": "", "Alta Médica": "", "Atendimento": 16228378, "Caso": "1622837863E23", "Classificação Setor": "Enfermaria", "Controla Higienização": "Não", "Convênio": "SUS", "Código Paciente": 3272343, "Código Prontuário": "", "Data Entrada Paciente": "07/07/2022 11:16:59", "Data Fim Evento": "08/07/2022 13:04:57", "Data Início Evento": "07/07/2022 11:20:00", "Data de Integração": "08/07/2022 16:51:15", "Especialidade": "CIRURGIA PLÁSTICA", "Evento": "Leito em uso", "Leito": 6.299999999999999e+24, "Médico Desfecho": "FRANCINE RODRIGUES PHILIPPSEN", "Médico Responsável": "ALICE FISCHER", "Organização": "Irmandade da Santa Casa de Misericordia de Porto Alegre", "Probabilidade Alta": "", "Saída Antes das 9 Horas": "", "Setor": "HCSA-Centro Cirúrgico Internação (CC6319)", "Status Ativo": "Sim", "Tempo Processo (Min)": 1545.0, "Tipo Atendimento": "Internado", "Tipo Evento": "Leitos", "Tipo Limpeza": ""}, {"Alta Hospitalar": "", "Alta Médica": "", "Atendimento": 16235634, "Caso": "1623563463E20", "Classificação Setor": "Enfermaria", "Controla Higienização": "Não", "Convênio": "UNIMED PORTO ALEGRE", "Código Paciente": 3133112, "Código Prontuário": "", "Data Entrada Paciente": "08/07/2022 12:58:27", "Data Fim Evento": "08/07/2022 13:04:57", "Data Início Evento": "08/07/2022 12:59:51", "Data de Integração": "08/07/2022 16:51:15", "Especialidade": "CIRURGIA PEDIÁTRICA", "Evento": "Leito em uso", "Leito": 6.3e+21, "Médico Desfecho": "", "Médico Responsável": "RAFAEL TRINDADE DEYL", "Organização": "Irmandade da Santa Casa de Misericordia de Porto Alegre", "Probabilidade Alta": "", "Saída Antes das 9 Horas": "", "Setor": "HCSA-Centro Cirúrgico Internação (CC6319)", "Status Ativo": "Sim", "Tempo Processo (Min)": 5.0, "Tipo Atendimento": "Internado", "Tipo Evento": "Leitos", "Tipo Limpeza": ""}, {"Alta Hospitalar": "Antes das 9h", "Alta Médica": "", "Atendimento": 16119688, "Caso": "224648316119688", "Classificação Setor": "Enfermaria", "Controla Higienização": "", "Convênio": "PACOTE SOCIAL", "Código Paciente": 2246483, "Código Prontuário": 1259152.0, "Data Entrada Paciente": "15/06/2022 06:25:12", "Data Fim Evento": "", "Data Início Evento": "15/06/2022 06:30:00", "Data de Integração": "08/07/2022 16:36:36", "Especialidade": "OTORRINOLARINGOLOGIA", "Evento": "Alta Hospitalar", "Leito": 6300000000000.0, "Médico Desfecho": "", "Médico Responsável": "JOSE FAIBES LUBIANCA NETO", "Organização": "Irmandade da Santa Casa de Misericordia de Porto Alegre", "Probabilidade Alta": "", "Saída Antes das 9 Horas": "", "Setor": "HCSA-Centro Cirúrgico Internação (CC6319)", "Status Ativo": "Não", "Tempo Processo (Min)": "", "Tipo Atendimento": "Internado", "Tipo Evento": "Paciente", "Tipo Limpeza": ""}, {"Alta Hospitalar": "Depois das 12h", "Alta Médica": "", "Atendimento": 16186594, "Caso": "288195816186594", "Classificação Setor": "Enfermaria", "Controla Higienização": "", "Convênio": "SUS", "Código Paciente": 2881958, "Código Prontuário": 1598731.0, "Data Entrada Paciente": "29/06/2022 11:46:41", "Data Fim Evento": "", "Data Início Evento": "29/06/2022 14:43:27", "Data de Integração": "08/07/2022 16:46:16", "Especialidade": "CIRURGIA PEDIÁTRICA", "Evento": "Alta Hospitalar", "Leito": 6.3e+18, "Médico Desfecho": "", "Médico Responsável": "NICOLE KNORR BRENNER", "Organização": "Irmandade da Santa Casa de Misericordia de Porto Alegre", "Probabilidade Alta": "", "Saída Antes das 9 Horas": "", "Setor": "HCSA-Centro Cirúrgico Internação (CC6319)", "Status Ativo": "Não", "Tempo Processo (Min)": "", "Tipo Atendimento": "Internado", "Tipo Evento": "Paciente", "Tipo Limpeza": ""}, {"Alta Hospitalar": "Depois das 12h", "Alta Médica": "", "Atendimento": 16140217, "Caso": "304289116140217", "Classificação Setor": "Enfermaria", "Controla Higienização": "", "Convênio": "UNIMED PORTO ALEGRE", "Código Paciente": 3042891, "Código Prontuário": 1715754.0, "Data Entrada Paciente": "20/06/2022 14:34:16", "Data Fim Evento": "", "Data Início Evento": "20/06/2022 17:40:00", "Data de Integração": "08/07/2022 16:36:36", "Especialidade": "CIRURGIA PLÁSTICA", "Evento": "Alta Hospitalar", "Leito": 6.3e+20, "Médico Desfecho": "", "Médico Responsável": "MARCUS VINICIUS MARTINS COLLARES", "Organização": "Irmandade da Santa Casa de Misericordia de Porto Alegre", "Probabilidade Alta": "", "Saída Antes das 9 Horas": "", "Setor": "HCSA-Centro Cirúrgico Internação (CC6319)", "Status Ativo": "Não", "Tempo Processo (Min)": "", "Tipo Atendimento": "Internado", "Tipo Evento": "Paciente", "Tipo Limpeza": ""}, {"Alta Hospitalar": "Antes das 9h", "Alta Médica": "", "Atendimento": 16158250, "Caso": "326350516158250", "Classificação Setor": "Enfermaria", "Controla Higienização": "", "Convênio": "SUS", "Código Paciente": 3263505, "Código Prontuário": 1826007.0, "Data Entrada Paciente": "23/06/2022 11:00:13", "Data Fim Evento": "", "Data Início Evento": "30/06/2022 08:48:04", "Data de Integração": "08/07/2022 16:41:18", "Especialidade": "CIRURGIA PLÁSTICA", "Evento": "Alta Hospitalar", "Leito": 6.3e+25, "Médico Desfecho": "", "Médico Responsável": "ALICE FISCHER", "Organização": "Irmandade da Santa Casa de Misericordia de Porto Alegre", "Probabilidade Alta": "", "Saída Antes das 9 Horas": "", "Setor": "HCSA-Centro Cirúrgico Internação (CC6319)", "Status Ativo": "Não", "Tempo Processo (Min)": "", "Tipo Atendimento": "Internado", "Tipo Evento": "Paciente", "Tipo Limpeza": ""}, {"Alta Hospitalar": "", "Alta Médica": "Depois das 12h", "Atendimento": 16228378, "Caso": "327234316228378", "Classificação Setor": "Enfermaria", "Controla Higienização": "", "Convênio": "SUS", "Código Paciente": 3272343, "Código Prontuário": 1831534.0, "Data Entrada Paciente": "07/07/2022 11:16:59", "Data Fim Evento": "", "Data Início Evento": "07/07/2022 18:37:50", "Data de Integração": "08/07/2022 16:51:15", "Especialidade": "CIRURGIA PLÁSTICA", "Evento": "Alta Medica", "Leito": 6.299999999999999e+24, "Médico Desfecho": "FRANCINE RODRIGUES PHILIPPSEN", "Médico Responsável": "ALICE FISCHER", "Organização": "Irmandade da Santa Casa de Misericordia de Porto Alegre", "Probabilidade Alta": "", "Saída Antes das 9 Horas": "Não", "Setor": "HCSA-Centro Cirúrgico Internação (CC6319)", "Status Ativo": "Sim", "Tempo Processo (Min)": "", "Tipo Atendimento": "Internado", "Tipo Evento": "Paciente", "Tipo Limpeza": ""}, {"Alta Hospitalar": "", "Alta Médica": "Depois das 12h", "Atendimento": 16068759, "Caso": "327648916068759", "Classificação Setor": "Enfermaria", "Controla Higienização": "", "Convênio": "SUS", "Código Paciente": 3276489, "Código Prontuário": 1832506.0, "Data Entrada Paciente": "04/06/2022 23:21:22", "Data Fim Evento": "", "Data Início Evento": "07/06/2022 14:10:56", "Data de Integração": "08/07/2022 16:26:21", "Especialidade": "CIRURGIA PEDIÁTRICA", "Evento": "Alta Medica", "Leito": 630000000000000.0, "Médico Desfecho": "Caroline Suemi Nunes Pereira", "Médico Responsável": "RAFAEL BUENO MAZZUCA", "Organização": "Irmandade da Santa Casa de Misericordia de Porto Alegre", "Probabilidade Alta": "", "Saída Antes das 9 Horas": "Não", "Setor": "HCSA-Centro Cirúrgico Internação (CC6319)", "Status Ativo": "Sim", "Tempo Processo (Min)": "", "Tipo Atendimento": "Internado", "Tipo Evento": "Paciente", "Tipo Limpeza": ""}, {"Alta Hospitalar": "Antes das 9h", "Alta Médica": "", "Atendimento": 16145748, "Caso": "327693616145748", "Classificação Setor": "Enfermaria", "Controla Higienização": "", "Convênio": "UNIMED ESTADUAL", "Código Paciente": 3276936, "Código Prontuário": 1838667.0, "Data Entrada Paciente": "21/06/2022 12:09:25", "Data Fim Evento": "", "Data Início Evento": "30/06/2022 08:46:54", "Data de Integração": "08/07/2022 16:41:18", "Especialidade": "CIRURGIA PEDIÁTRICA", "Evento": "Alta Hospitalar", "Leito": 6.3e+27, "Médico Desfecho": "", "Médico Responsável": "RAFAEL TRINDADE DEYL", "Organização": "Irmandade da Santa Casa de Misericordia de Porto Alegre", "Probabilidade Alta": "", "Saída Antes das 9 Horas": "", "Setor": "HCSA-Centro Cirúrgico Internação (CC6319)", "Status Ativo": "Não", "Tempo Processo (Min)": "", "Tipo Atendimento": "Internado", "Tipo Evento": "Paciente", "Tipo Limpeza": ""}, {"Alta Hospitalar": "Antes das 9h", "Alta Médica": "Depois das 12h", "Atendimento": 16141462, "Caso": "328646116141462", "Classificação Setor": "Enfermaria", "Controla Higienização": "", "Convênio": "SUS", "Código Paciente": 3286461, "Código Prontuário": 1838308.0, "Data Entrada Paciente": "20/06/2022 17:17:10", "Data Fim Evento": "", "Data Início Evento": "21/06/2022 12:58:17", "Data de Integração": "08/07/2022 16:41:18", "Especialidade": "PEDIATRIA", "Evento": "Alta Medica", "Leito": 6.3e+28, "Médico Desfecho": "JOHANNA CAROLINA PICON PEREZ", "Médico Responsável": "JOSEMAR MARCHEZAN", "Organização": "Irmandade da Santa Casa de Misericordia de Porto Alegre", "Probabilidade Alta": "", "Saída Antes das 9 Horas": "Não", "Setor": "HCSA-Centro Cirúrgico Internação (CC6319)", "Status Ativo": "Não", "Tempo Processo (Min)": "", "Tipo Atendimento": "Internado", "Tipo Evento": "Paciente", "Tipo Limpeza": ""}, {"Alta Hospitalar": "Antes das 9h", "Alta Médica": "Depois das 12h", "Atendimento": 16141462, "Caso": "328646116141462", "Classificação Setor": "Enfermaria", "Controla Higienização": "", "Convênio": "SUS", "Código Paciente": 3286461, "Código Prontuário": 1838308.0, "Data Entrada Paciente": "20/06/2022 17:17:10", "Data Fim Evento": "", "Data Início Evento": "30/06/2022 08:45:57", "Data de Integração": "08/07/2022 16:41:18", "Especialidade": "PEDIATRIA", "Evento": "Alta Hospitalar", "Leito": 6.3e+28, "Médico Desfecho": "JOHANNA CAROLINA PICON PEREZ", "Médico Responsável": "JOSEMAR MARCHEZAN", "Organização": "Irmandade da Santa Casa de Misericordia de Porto Alegre", "Probabilidade Alta": "", "Saída Antes das 9 Horas": "Não", "Setor": "HCSA-Centro Cirúrgico Internação (CC6319)", "Status Ativo": "Não", "Tempo Processo (Min)": "", "Tipo Atendimento": "Internado", "Tipo Evento": "Paciente", "Tipo Limpeza": ""}, {"Alta Hospitalar": "", "Alta Médica": "Depois das 12h", "Atendimento": 16199828, "Caso": "59080516199828", "Classificação Setor": "Enfermaria", "Controla Higienização": "", "Convênio": "SUS", "Código Paciente": 590805, "Código Prontuário": 325613.0, "Data Entrada Paciente": "01/07/2022 12:45:40", "Data Fim Evento": "", "Data Início Evento": "01/07/2022 15:54:42", "Data de Integração": "08/07/2022 16:46:16", "Especialidade": "CIRURGIA TORÁCICA", "Evento": "Alta Medica", "Leito": 63000000000000.0, "Médico Desfecho": "JULIO DE OLIVEIRA ESPINEL", "Médico Responsável": "JULIO DE OLIVEIRA ESPINEL", "Organização": "Irmandade da Santa Casa de Misericordia de Porto Alegre", "Probabilidade Alta": "", "Saída Antes das 9 Horas": "Não", "Setor": "HCSA-Centro Cirúrgico Internação (CC6319)", "Status Ativo": "Sim", "Tempo Processo (Min)": "", "Tipo Atendimento": "Internado", "Tipo Evento": "Paciente", "Tipo Limpeza": ""}, {"Alta Hospitalar": "", "Alta Médica": "Depois das 12h", "Atendimento": 16121711, "Caso": "9026516121711", "Classificação Setor": "Enfermaria", "Controla Higienização": "", "Convênio": "SUS", "Código Paciente": 90265, "Código Prontuário": 53731.0, "Data Entrada Paciente": "15/06/2022 09:32:48", "Data Fim Evento": "", "Data Início Evento": "15/06/2022 12:31:51", "Data de Integração": "08/07/2022 16:36:36", "Especialidade": "OTORRINOLARINGOLOGIA", "Evento": "Alta Medica", "Leito": 6.3e+17, "Médico Desfecho": "VITOR HUGO PEIJO GALERANI", "Médico Responsável": "JOSE FAIBES LUBIANCA NETO", "Organização": "Irmandade da Santa Casa de Misericordia de Porto Alegre", "Probabilidade Alta": "", "Saída Antes das 9 Horas": "Não", "Setor": "HCSA-Centro Cirúrgico Internação (CC6319)", "Status Ativo": "Sim", "Tempo Processo (Min)": "", "Tipo Atendimento": "Internado", "Tipo Evento": "Paciente", "Tipo Limpeza": ""}]}